FL,Deltona,CASTHMA_CrudePrev,CASTHMA_Crude95CI,CASTHMA_AdjPrev,CASTHMA_Adj95CI
FL,Fort Lauderdale,9,"( 8.8,  9.1)",9,"( 8.8,  9.1)"
NC,Fayetteville,8.9,"( 8.8,  9.0)",9,"( 8.9,  9.1)"
NC,Gastonia,8.9,"( 8.9,  9.0)",8.9,"( 8.8,  8.9)"
CA,Lake Forest,9.5,"( 9.4,  9.7)",9.6,"( 9.4,  9.7)"
CA,Vallejo,7.8,"( 7.7,  7.9)",7.7,"( 7.6,  7.9)"
CA,Redondo Beach,9,"( 8.9,  9.0)",8.9,"( 8.8,  9.0)"
AL,Birmingham,7.3,"( 7.2,  7.4)",7.3,"( 7.1,  7.4)"
CA,Oakland,11.4,"(11.3, 11.5)",11.4,"(11.3, 11.5)"
FL,Boynton Beach,9.4,"( 9.3,  9.4)",9.3,"( 9.3,  9.4)"
CA,San Marcos,8.9,"( 8.8,  9.0)",9.2,"( 9.0,  9.3)"
AL,Tuscaloosa,8.5,"( 8.3,  8.6)",8.4,"( 8.3,  8.6)"
CA,Santa Clara,11.2,"(11.0, 11.5)",10.9,"(10.7, 11.1)"
AZ,Glendale,7.3,"( 7.2,  7.4)",7.3,"( 7.2,  7.4)"
CA,Fremont,10.3,"(10.2, 10.4)",10.2,"(10.1, 10.3)"
CA,West Covina,6.9,"( 6.8,  6.9)",6.9,"( 6.8,  6.9)"
CO,Lakewood,7.2,"( 7.1,  7.3)",7.2,"( 7.1,  7.3)"
FL,Davie,8.6,"( 8.5,  8.7)",8.6,"( 8.5,  8.7)"
CA,Clovis,8,"( 7.9,  8.1)",7.9,"( 7.8,  8.0)"
CA,Alameda,8.8,"( 8.7,  8.9)",8.7,"( 8.6,  8.8)"
CA,Chico,7.9,"( 7.8,  8.0)",7.9,"( 7.8,  8.0)"
CA,Alhambra,9.6,"( 9.5,  9.8)",9.4,"( 9.3,  9.5)"
CA,Escondido,6.8,"( 6.7,  6.9)",6.8,"( 6.7,  6.9)"
AZ,Scottsdale,9,"( 8.9,  9.1)",9,"( 8.9,  9.1)"
CA,San Buenaventura (Ventura),8.9,"( 8.8,  9.0)",9,"( 8.9,  9.1)"
CA,Simi Valley,8.5,"( 8.4,  8.6)",8.5,"( 8.4,  8.6)"
CO,Thornton,8.3,"( 8.2,  8.4)",8.2,"( 8.1,  8.3)"
AR,Fort Smith,8.7,"( 8.6,  8.8)",8.6,"( 8.5,  8.7)"
CA,Costa Mesa,9.8,"( 9.6,  9.9)",9.8,"( 9.6,  9.9)"
CA,Palmdale,8.4,"( 8.3,  8.6)",8.4,"( 8.3,  8.5)"
CO,Greeley,9.3,"( 9.2,  9.4)",9.1,"( 9.0,  9.2)"
CA,Fresno,9.2,"( 9.0,  9.3)",9,"( 8.9,  9.1)"
CA,Merced,9.7,"( 9.6,  9.7)",9.6,"( 9.5,  9.6)"
CA,Bakersfield,9.7,"( 9.6,  9.9)",9.7,"( 9.5,  9.8)"
CT,Norwalk,9.2,"( 9.1,  9.3)",9.1,"( 9.0,  9.2)"
CA,Roseville,8.7,"( 8.6,  8.8)",8.7,"( 8.6,  8.8)"
CA,Santa Clarita,8.5,"( 8.4,  8.6)",8.5,"( 8.4,  8.6)"
CA,Murrieta,7.9,"( 7.9,  8.0)",7.9,"( 7.8,  7.9)"
CO,Boulder,8.5,"( 8.4,  8.6)",8.4,"( 8.3,  8.6)"
CA,Hawthorne,9,"( 8.8,  9.2)",8.6,"( 8.5,  8.7)"
CA,Tracy,9.2,"( 9.1,  9.3)",9.1,"( 8.9,  9.2)"
CA,Oceanside,8.6,"( 8.5,  8.7)",8.5,"( 8.4,  8.6)"
CA,Turlock,8.5,"( 8.4,  8.6)",8.5,"( 8.4,  8.6)"
CA,San Mateo,9.1,"( 9.0,  9.3)",9.1,"( 8.9,  9.3)"
AL,Hoover,7.6,"( 7.5,  7.7)",7.6,"( 7.5,  7.7)"
CA,Los Angeles,8.2,"( 8.0,  8.3)",8.2,"( 8.0,  8.3)"
AK,Anchorage,8.6,"( 8.5,  8.6)",8.5,"( 8.5,  8.5)"
CA,Glendale,8.7,"( 8.6,  8.8)",8.6,"( 8.5,  8.6)"
CA,San Ramon,8.4,"( 8.3,  8.5)",8.4,"( 8.3,  8.5)"
CA,Napa,7,"( 6.9,  7.1)",7,"( 6.9,  7.1)"
CA,Redwood City,8.8,"( 8.7,  9.0)",8.8,"( 8.7,  9.0)"
CA,Apple Valley,8,"( 7.9,  8.1)",8,"( 7.8,  8.1)"
CA,Chino,9.5,"( 9.4,  9.7)",9.5,"( 9.4,  9.7)"
CT,Danbury,8.3,"( 8.2,  8.4)",8.2,"( 8.1,  8.3)"
CA,Lakewood,9.1,"( 9.0,  9.3)",9.1,"( 9.0,  9.3)"
AR,Jonesboro,7.8,"( 7.7,  7.9)",7.8,"( 7.7,  7.9)"
CA,Vacaville,9.6,"( 9.4,  9.8)",9.4,"( 9.3,  9.6)"
CT,Stamford,8.7,"( 8.5,  8.8)",8.6,"( 8.5,  8.7)"
CA,Buena Park,8.6,"( 8.5,  8.7)",8.6,"( 8.5,  8.7)"
CA,Oxnard,7.9,"( 7.8,  8.0)",7.9,"( 7.7,  8.0)"
CA,Huntington Beach,8.8,"( 8.7,  8.9)",8.7,"( 8.6,  8.9)"
CA,Pomona,8.1,"( 8.0,  8.1)",8,"( 8.0,  8.1)"
CO,Pueblo,8.6,"( 8.5,  8.7)",8.5,"( 8.4,  8.6)"
AZ,Gilbert,9,"( 8.9,  9.1)",9.1,"( 9.0,  9.1)"
CA,Fairfield,9.1,"( 9.0,  9.2)",9,"( 8.9,  9.0)"
FL,Boca Raton,9,"( 8.9,  9.1)",8.9,"( 8.8,  9.0)"
CA,Vista,7.6,"( 7.5,  7.7)",7.7,"( 7.6,  7.8)"
CA,San Bernardino,8.8,"( 8.7,  9.0)",8.8,"( 8.7,  8.9)"
CA,Santa Rosa,10.4,"(10.3, 10.5)",10.3,"(10.2, 10.4)"
CA,Menifee,8.8,"( 8.7,  8.9)",8.8,"( 8.7,  8.9)"
CA,Pleasanton,8.8,"( 8.6,  8.9)",8.8,"( 8.7,  9.0)"
FL,Coral Springs,7.5,"( 7.4,  7.6)",7.4,"( 7.3,  7.5)"
AZ,Phoenix,8.2,"( 8.1,  8.3)",8.1,"( 8.0,  8.2)"
CA,Temecula,10.3,"(10.3, 10.4)",10.2,"(10.2, 10.3)"
CA,Citrus Heights,8.4,"( 8.3,  8.6)",8.3,"( 8.2,  8.4)"
CA,Tustin,9.5,"( 9.3,  9.6)",9.4,"( 9.3,  9.6)"
CA,Long Beach,8,"( 7.9,  8.2)",8,"( 7.9,  8.1)"
CA,Sunnyvale,8.6,"( 8.6,  8.7)",8.6,"( 8.5,  8.6)"
CA,Riverside,6.9,"( 6.9,  7.0)",7,"( 6.9,  7.1)"
AL,Huntsville,9.2,"( 9.1,  9.3)",9.1,"( 9.0,  9.1)"
CT,Waterbury,9.7,"( 9.6,  9.8)",9.6,"( 9.5,  9.7)"
CA,Berkeley,11.2,"(11.1, 11.3)",11.2,"(11.1, 11.3)"
CA,Burbank,8.4,"( 8.3,  8.5)",8.2,"( 8.2,  8.3)"
CO,Centennial,7.9,"( 7.8,  8.0)",7.9,"( 7.8,  8.0)"
CA,Corona,7.8,"( 7.7,  7.9)",7.7,"( 7.6,  7.8)"
CT,Hartford,8.5,"( 8.4,  8.5)",8.4,"( 8.3,  8.4)"
CA,Hesperia,12.2,"(12.1, 12.3)",12.1,"(11.9, 12.2)"
AZ,Tucson,9.8,"( 9.7, 10.0)",9.7,"( 9.6,  9.9)"
CO,Colorado Springs,10.5,"(10.4, 10.6)",10.4,"(10.4, 10.5)"
AR,Little Rock,8.5,"( 8.5,  8.6)",8.5,"( 8.4,  8.5)"
CA,Concord,9.3,"( 9.2,  9.4)",9.3,"( 9.2,  9.4)"
CA,Garden Grove,8.5,"( 8.4,  8.6)",8.5,"( 8.4,  8.6)"
CA,Santa Ana,8,"( 7.9,  8.1)",7.9,"( 7.9,  8.0)"
CA,Antioch,8.9,"( 8.8,  9.0)",8.8,"( 8.7,  8.9)"
CA,Lancaster,9.2,"( 9.1,  9.3)",9.1,"( 9.0,  9.2)"
AZ,Peoria,9.4,"( 9.3,  9.4)",9.2,"( 9.2,  9.3)"
CA,Folsom,9.6,"( 9.5,  9.7)",9.6,"( 9.5,  9.7)"
CA,Whittier,7.9,"( 7.7,  8.0)",7.8,"( 7.7,  8.0)"
CA,El Cajon,7.6,"( 7.5,  7.7)",7.6,"( 7.5,  7.7)"
CA,Newport Beach,9.7,"( 9.6,  9.8)",9.6,"( 9.5,  9.8)"
CT,Bridgeport,7.6,"( 7.5,  7.7)",7.7,"( 7.6,  7.8)"
FL,Clearwater,10.6,"(10.5, 10.7)",10.5,"(10.4, 10.6)"
CA,San Jose,8.7,"( 8.6,  8.9)",8.9,"( 8.8,  9.0)"
CA,Modesto,7.8,"( 7.8,  7.8)",7.8,"( 7.7,  7.8)"
CA,Manteca,9.4,"( 9.3,  9.5)",9.3,"( 9.2,  9.4)"
AZ,Avondale,9.1,"( 8.9,  9.2)",9,"( 8.8,  9.1)"
CA,Chino Hills,10,"( 9.9, 10.2)",9.9,"( 9.8, 10.0)"
CA,Rancho Cucamonga,7.3,"( 7.2,  7.5)",7.2,"( 7.1,  7.3)"
CA,Rialto,8.3,"( 8.2,  8.4)",8.2,"( 8.1,  8.2)"
CA,Visalia,9.7,"( 9.6,  9.8)",9.6,"( 9.5,  9.7)"
CA,Orange,9.1,"( 8.9,  9.2)",9,"( 8.9,  9.2)"
CA,Indio,8.2,"( 8.1,  8.3)",8.2,"( 8.1,  8.3)"
CO,Loveland,9.1,"( 9.0,  9.3)",9.1,"( 8.9,  9.3)"
CA,Salinas,8.8,"( 8.6,  8.9)",8.8,"( 8.7,  9.0)"
CA,Thousand Oaks,9.1,"( 9.0,  9.3)",9,"( 8.9,  9.2)"
CA,Union City,8,"( 7.9,  8.1)",8,"( 7.9,  8.1)"
AL,Mobile,7.2,"( 7.1,  7.3)",7.2,"( 7.0,  7.3)"
CA,Mission Viejo,10.7,"(10.6, 10.8)",10.7,"(10.6, 10.8)"
DE,Wilmington,7.8,"( 7.7,  7.9)",7.8,"( 7.7,  7.9)"
CA,Carlsbad,11.1,"(10.9, 11.2)",11,"(10.9, 11.2)"
CT,New Britain,7.8,"( 7.6,  7.9)",7.8,"( 7.7,  7.9)"
CA,San Francisco,10.8,"(10.7, 10.9)",10.8,"(10.6, 10.9)"
CA,Santa Monica,7.7,"( 7.7,  7.7)",7.7,"( 7.7,  7.8)"
CO,Arvada,7.5,"( 7.4,  7.6)",7.6,"( 7.5,  7.7)"
CA,Downey,8.5,"( 8.4,  8.6)",8.5,"( 8.4,  8.6)"
CA,Hemet,7.7,"( 7.6,  7.9)",7.7,"( 7.6,  7.8)"
AZ,Yuma,9.8,"( 9.7, 10.0)",10.1,"( 9.9, 10.2)"
CO,Denver,9.5,"( 9.3,  9.6)",9.4,"( 9.3,  9.6)"
CA,Perris,8.8,"( 8.8,  8.9)",8.8,"( 8.8,  8.8)"
CA,Elk Grove,9.8,"( 9.5, 10.0)",9.6,"( 9.4,  9.9)"
CA,Inglewood,8.3,"( 8.3,  8.4)",8.2,"( 8.2,  8.3)"
AZ,Tempe,10,"( 9.8, 10.1)",9.9,"( 9.7, 10.0)"
CA,Stockton,10.1,"( 9.9, 10.2)",9.7,"( 9.6,  9.8)"
CA,Bellflower,9.4,"( 9.4,  9.5)",9.4,"( 9.3,  9.4)"
CO,Longmont,8.6,"( 8.5,  8.7)",8.5,"( 8.4,  8.6)"
AZ,Mesa,8.9,"( 8.8,  9.1)",8.9,"( 8.8,  9.0)"
CA,Livermore,10,"(10.0, 10.1)",10.1,"(10.0, 10.1)"
FL,Deerfield Beach,8.2,"( 8.1,  8.3)",8.1,"( 8.0,  8.2)"
CA,Westminster,9.2,"( 9.0,  9.3)",9.4,"( 9.2,  9.5)"
CA,Compton,7.9,"( 7.8,  8.1)",7.9,"( 7.8,  8.0)"
CA,Redding,10.2,"(10.1, 10.4)",10.2,"(10.0, 10.3)"
CA,Norwalk,9.8,"( 9.7,  9.9)",9.8,"( 9.7, 10.0)"
CA,Richmond,7.8,"( 7.7,  8.0)",7.8,"( 7.7,  7.9)"
CA,Chula Vista,9.5,"( 9.4,  9.6)",9.5,"( 9.3,  9.6)"
CA,Anaheim,7.8,"( 7.7,  7.8)",7.7,"( 7.7,  7.8)"
CO,Westminster,8.4,"( 8.3,  8.5)",8.4,"( 8.3,  8.4)"
CA,Fontana,8.5,"( 8.4,  8.6)",8.5,"( 8.4,  8.6)"
CA,San Leandro,9,"( 8.9,  9.1)",8.9,"( 8.8,  9.0)"
FL,Cape Coral,8.2,"( 8.1,  8.3)",8.2,"( 8.1,  8.3)"
CA,Victorville,8.4,"( 8.3,  8.5)",8.5,"( 8.4,  8.6)"
AR,Springdale,10,"( 9.8, 10.1)",9.9,"( 9.8, 10.0)"
AZ,Chandler,9.5,"( 9.3,  9.7)",9.5,"( 9.3,  9.7)"
CA,Lynwood,9.2,"( 9.2,  9.3)",9.1,"( 9.1,  9.2)"
CA,Santa Barbara,9.6,"( 9.3,  9.8)",9.5,"( 9.3,  9.7)"
CA,Fullerton,8.5,"( 8.4,  8.6)",8.5,"( 8.4,  8.6)"
CA,Moreno Valley,8,"( 7.9,  8.1)",8,"( 7.9,  8.1)"
CO,Fort Collins,9.7,"( 9.6,  9.7)",9.5,"( 9.4,  9.6)"
CA,Carson,9.1,"( 9.0,  9.2)",8.8,"( 8.7,  8.9)"
DC,Washington,8,"( 7.8,  8.1)",7.9,"( 7.8,  8.0)"
CO,Aurora,10.3,"(10.2, 10.3)",10.2,"(10.2, 10.3)"
CA,Baldwin Park,9.1,"( 9.1,  9.2)",9,"( 9.0,  9.1)"
CA,El Monte,8,"( 7.8,  8.2)",7.9,"( 7.7,  8.1)"
AR,Fayetteville,8.2,"( 8.1,  8.3)",8.2,"( 8.0,  8.3)"
CA,Sacramento,9.2,"( 9.0,  9.5)",8.9,"( 8.7,  9.0)"
AL,Montgomery,9.4,"( 9.3,  9.4)",9.3,"( 9.3,  9.4)"
CA,South Gate,10.8,"(10.7, 11.0)",10.8,"(10.7, 10.9)"
CA,Upland,8.7,"( 8.5,  8.9)",8.6,"( 8.4,  8.8)"
CA,Milpitas,8.6,"( 8.5,  8.7)",8.6,"( 8.5,  8.7)"
CA,Pasadena,6.8,"( 6.6,  6.9)",6.7,"( 6.6,  6.8)"
CA,Torrance,7.8,"( 7.7,  7.9)",7.8,"( 7.7,  7.9)"
CA,Daly City,6.9,"( 6.8,  7.0)",6.9,"( 6.9,  7.0)"
AZ,Surprise,6.9,"( 6.8,  7.0)",6.9,"( 6.8,  6.9)"
CT,New Haven,9.4,"( 9.3,  9.6)",9.6,"( 9.5,  9.7)"
CA,Irvine,11.1,"(11.0, 11.3)",11.1,"(11.0, 11.2)"
CA,Hayward,7.3,"( 7.2,  7.4)",7.2,"( 7.1,  7.3)"
CA,Ontario,8.5,"( 8.4,  8.5)",8.4,"( 8.3,  8.5)"
CA,San Diego,9.1,"( 9.0,  9.2)",9,"( 8.9,  9.1)"
CA,Santa Maria,8,"( 8.0,  8.0)",8,"( 7.9,  8.0)"
CA,Mountain View,9.6,"( 9.4,  9.8)",9.6,"( 9.4,  9.8)"
CA,Redlands,7.3,"( 7.2,  7.4)",7.3,"( 7.2,  7.4)"
IN,South Bend,8.5,"( 8.4,  8.7)",8.5,"( 8.4,  8.7)"
MT,Billings,11.4,"(11.3, 11.5)",11.5,"(11.4, 11.6)"
MA,Quincy,9.5,"( 9.4,  9.6)",9.6,"( 9.4,  9.7)"
LA,New Orleans,10.7,"(10.5, 10.8)",10.7,"(10.6, 10.9)"
NY,Yonkers,9.1,"( 9.0,  9.1)",9,"( 8.9,  9.0)"
MI,Southfield,9.7,"( 9.6,  9.8)",9.8,"( 9.7,  9.9)"
FL,Jacksonville,11.4,"(11.3, 11.5)",11.5,"(11.4, 11.7)"
MI,Wyoming,9.3,"( 9.3,  9.4)",9.2,"( 9.2,  9.3)"
FL,Miami,10.5,"(10.3, 10.7)",10.4,"(10.2, 10.6)"
IL,Schaumburg,8.4,"( 8.4,  8.5)",8.5,"( 8.4,  8.6)"
NV,Henderson,8.2,"( 8.1,  8.3)",8.2,"( 8.1,  8.3)"
NJ,Newark,8.6,"( 8.6,  8.7)",8.6,"( 8.6,  8.7)"
NC,Concord,11,"(10.9, 11.1)",10.9,"(10.8, 11.0)"
IL,Aurora,8.5,"( 8.4,  8.6)",8.5,"( 8.3,  8.6)"
FL,Tampa,9.6,"( 9.4,  9.7)",9.5,"( 9.4,  9.6)"
HI,Honolulu,9.4,"( 9.3,  9.5)",9.3,"( 9.3,  9.4)"
FL,West Palm Beach,8.6,"( 8.5,  8.6)",8.6,"( 8.6,  8.7)"
IL,Naperville,8.9,"( 8.8,  9.0)",9,"( 8.9,  9.1)"
FL,Orlando,8.1,"( 8.1,  8.2)",8.1,"( 8.0,  8.1)"
MI,Grand Rapids,9.3,"( 9.2,  9.4)",9.2,"( 9.2,  9.3)"
MN,Plymouth,11,"(10.9, 11.1)",11,"(10.9, 11.1)"
NJ,Union City,8.2,"( 8.1,  8.4)",8.2,"( 8.1,  8.3)"
FL,Port St. Lucie,8.9,"( 8.7,  9.1)",8.8,"( 8.6,  9.0)"
IL,Chicago,8.9,"( 8.8,  9.1)",9,"( 8.8,  9.1)"
MA,Brockton,10.2,"(10.2, 10.2)",10.2,"(10.2, 10.2)"
NJ,Jersey City,13.8,"(13.7, 14.0)",13.8,"(13.6, 14.0)"
IL,Springfield,8.8,"( 8.8,  8.9)",8.9,"( 8.8,  9.0)"
KS,Olathe,10.2,"(10.1, 10.3)",10.3,"(10.2, 10.4)"
GA,Augusta,8.1,"( 8.0,  8.2)",8,"( 7.9,  8.1)"
NY,Mount Vernon,10.3,"(10.2, 10.4)",10.2,"(10.1, 10.3)"
MI,Dearborn,11.4,"(11.2, 11.6)",11.4,"(11.2, 11.6)"
MN,Bloomington,11.3,"(11.1, 11.5)",11.3,"(11.1, 11.5)"
LA,Baton Rouge,8.6,"( 8.5,  8.7)",8.7,"( 8.6,  8.8)"
NH,Manchester,9,"( 8.9,  9.1)",8.9,"( 8.8,  9.0)"
IN,Evansville,11.1,"(11.0, 11.2)",11.1,"(10.9, 11.2)"
MO,Kansas City,10.9,"(10.8, 11.1)",11,"(10.9, 11.1)"
LA,Shreveport,10.3,"(10.3, 10.4)",10.3,"(10.2, 10.3)"
MO,Lee's Summit,9.3,"( 9.1,  9.4)",9.3,"( 9.2,  9.4)"
MI,Sterling Heights,8.9,"( 8.7,  9.0)",8.9,"( 8.7,  9.0)"
IA,Sioux City,10.1,"(10.0, 10.3)",10.1,"(10.0, 10.3)"
FL,Lakeland,8.8,"( 8.6,  8.9)",8.7,"( 8.6,  8.9)"
IN,Carmel,9.5,"( 9.4,  9.7)",9.7,"( 9.6,  9.8)"
MI,Troy,8.4,"( 8.2,  8.5)",8.3,"( 8.2,  8.5)"
LA,Kenner,8.8,"( 8.6,  8.9)",8.7,"( 8.6,  8.8)"
MA,Somerville,7.9,"( 7.8,  8.0)",7.9,"( 7.8,  8.0)"
GA,Atlanta,11.5,"(11.3, 11.7)",11.5,"(11.3, 11.7)"
ID,Boise City,9.4,"( 9.4,  9.5)",9.4,"( 9.3,  9.4)"
NM,Rio Rancho,9,"( 8.9,  9.1)",8.9,"( 8.8,  9.0)"
IA,Cedar Rapids,9,"( 8.9,  9.2)",9,"( 8.9,  9.1)"
FL,St. Petersburg,8.4,"( 8.2,  8.5)",8.4,"( 8.2,  8.5)"
MO,Springfield,9.1,"( 9.0,  9.2)",9.1,"( 9.1,  9.2)"
NY,New Rochelle,10.3,"(10.2, 10.4)",10.2,"(10.1, 10.3)"
GA,Roswell,9.4,"( 9.3,  9.6)",9.5,"( 9.3,  9.6)"
MA,Boston,7.5,"( 7.4,  7.7)",7.5,"( 7.4,  7.6)"
IN,Hammond,12.2,"(12.2, 12.3)",12.1,"(12.0, 12.2)"
MA,Lowell,10.9,"(10.8, 11.1)",10.9,"(10.7, 11.0)"
NJ,Trenton,12.2,"(12.1, 12.4)",12.1,"(12.0, 12.3)"
FL,Melbourne,11.3,"(11.1, 11.4)",11.3,"(11.1, 11.4)"
IL,Palatine,8.8,"( 8.7,  9.0)",8.9,"( 8.8,  9.1)"
NY,Syracuse,8.5,"( 8.4,  8.6)",8.4,"( 8.3,  8.6)"
NE,Omaha,12.3,"(12.1, 12.4)",12.1,"(12.0, 12.2)"
MI,Flint,8.4,"( 8.3,  8.4)",8.3,"( 8.3,  8.4)"
MN,Minneapolis,13.4,"(13.2, 13.5)",13.3,"(13.1, 13.4)"
KS,Lawrence,9.8,"( 9.7,  9.8)",9.6,"( 9.5,  9.6)"
MA,Lawrence,9.8,"( 9.6, 10.0)",9.4,"( 9.3,  9.5)"
NC,Charlotte,13.1,"(12.9, 13.4)",13,"(12.8, 13.3)"
FL,Miramar,8.4,"( 8.4,  8.5)",8.4,"( 8.3,  8.4)"
MS,Jackson,8.4,"( 8.3,  8.6)",8.3,"( 8.2,  8.4)"
IL,Arlington Heights,10,"( 9.9, 10.2)",10,"( 9.8, 10.1)"
MO,O'Fallon,8.2,"( 8.1,  8.4)",8.3,"( 8.2,  8.4)"
IA,Iowa City,8.6,"( 8.5,  8.8)",8.6,"( 8.5,  8.7)"
MS,Gulfport,8.9,"( 8.7,  9.2)",8.3,"( 8.2,  8.5)"
MI,Ann Arbor,9.1,"( 9.0,  9.2)",9,"( 8.9,  9.2)"
FL,Gainesville,9.7,"( 9.6,  9.9)",9.2,"( 9.1,  9.3)"
NY,New York,9.7,"( 9.6,  9.9)",9.3,"( 9.2,  9.5)"
GA,Macon,10.2,"(10.2, 10.3)",10.2,"(10.2, 10.2)"
GA,Sandy Springs,11.9,"(11.7, 12.0)",11.8,"(11.7, 12.0)"
NH,Nashua,7.8,"( 7.7,  7.9)",7.8,"( 7.7,  7.9)"
IL,Champaign,10.6,"(10.4, 10.7)",10.5,"(10.4, 10.7)"
NM,Santa Fe,10.1,"( 9.9, 10.4)",9.5,"( 9.4,  9.7)"
IN,Gary,9.1,"( 8.9,  9.2)",9.1,"( 8.9,  9.2)"
FL,Pembroke Pines,13.5,"(13.3, 13.7)",13.5,"(13.3, 13.7)"
NJ,Camden,7.7,"( 7.6,  7.8)",7.7,"( 7.6,  7.8)"
FL,Sunrise,11.8,"(11.6, 12.0)",11.7,"(11.5, 11.9)"
IL,Bolingbrook,8.6,"( 8.5,  8.7)",8.7,"( 8.6,  8.8)"
IN,Bloomington,9.1,"( 9.0,  9.2)",9,"( 8.8,  9.1)"
MI,Warren,11.1,"(10.9, 11.4)",10.2,"(10.1, 10.4)"
GA,Athens,11,"(10.9, 11.1)",11.1,"(11.0, 11.3)"
IA,Davenport,10,"( 9.9, 10.2)",9.6,"( 9.5,  9.7)"
FL,Miami Gardens,8.6,"( 8.5,  8.7)",8.6,"( 8.5,  8.7)"
IL,Peoria,10.4,"(10.2, 10.5)",10.3,"(10.1, 10.4)"
NV,North Las Vegas,10.6,"(10.5, 10.7)",10.6,"(10.4, 10.7)"
IL,Elgin,9.8,"( 9.7,  9.9)",9.7,"( 9.6,  9.8)"
LA,Lafayette,9.3,"( 9.1,  9.4)",9.2,"( 9.1,  9.3)"
NM,Las Cruces,8.7,"( 8.6,  8.8)",8.7,"( 8.5,  8.8)"
NC,Cary,9.4,"( 9.3,  9.6)",9.4,"( 9.3,  9.5)"
MI,Livonia,6.9,"( 6.9,  7.0)",6.9,"( 6.8,  7.0)"
KS,Wichita,9.2,"( 9.1,  9.3)",9.3,"( 9.2,  9.4)"
KS,Kansas City,9.6,"( 9.6,  9.7)",9.6,"( 9.5,  9.6)"
FL,Largo,10.5,"(10.4, 10.6)",10.4,"(10.3, 10.5)"
ID,Meridian,8.7,"( 8.6,  8.9)",9,"( 8.9,  9.1)"
MA,Lynn,8.7,"( 8.5,  9.0)",8.7,"( 8.5,  9.0)"
MA,Springfield,13.2,"(13.0, 13.4)",13.2,"(13.0, 13.3)"
NE,Lincoln,14.6,"(14.5, 14.8)",14.5,"(14.4, 14.7)"
MD,Baltimore,8.6,"( 8.5,  8.7)",8.4,"( 8.4,  8.5)"
IN,Indianapolis,11.3,"(11.2, 11.3)",11.2,"(11.1, 11.3)"
NJ,Paterson,11.5,"(11.5, 11.6)",11.5,"(11.4, 11.5)"
MI,Farmington Hills,10.2,"(10.1, 10.3)",10.1,"(10.0, 10.2)"
MO,Columbia,9.3,"( 9.2,  9.5)",9.4,"( 9.3,  9.5)"
MO,St. Joseph,9.9,"( 9.7, 10.2)",9.4,"( 9.3,  9.6)"
FL,Hialeah,9.9,"( 9.8, 10.1)",9.9,"( 9.8, 10.1)"
KS,Topeka,7.8,"( 7.7,  7.9)",7.8,"( 7.7,  7.9)"
NY,Rochester,9.9,"( 9.9, 10.0)",10,"( 9.9, 10.1)"
GA,Savannah,12.3,"(12.2, 12.4)",12.2,"(12.1, 12.3)"
NY,Albany,10.4,"(10.3, 10.5)",10.3,"(10.2, 10.4)"
MI,Lansing,10.9,"(10.8, 11.1)",10.9,"(10.8, 11.0)"
MN,Duluth,11.4,"(11.3, 11.5)",11.3,"(11.2, 11.4)"
NV,Reno,9.4,"( 9.3,  9.6)",9.4,"( 9.3,  9.5)"
IL,Decatur,9.4,"( 9.3,  9.4)",9.3,"( 9.2,  9.3)"
IN,Fort Wayne,10.8,"(10.7, 11.0)",11,"(10.8, 11.1)"
FL,Plantation,10.5,"(10.5, 10.6)",10.5,"(10.4, 10.6)"
NJ,Clifton,8,"( 7.9,  8.1)",8,"( 7.9,  8.1)"
MA,Fall River,8.1,"( 8.0,  8.2)",8.1,"( 8.0,  8.3)"
IL,Evanston,14.6,"(14.3, 14.8)",14.7,"(14.4, 14.9)"
IN,Lafayette,8.9,"( 8.8,  9.1)",8.9,"( 8.7,  9.0)"
FL,Palm Coast,10.6,"(10.4, 10.7)",10.5,"(10.3, 10.7)"
MN,St. Paul,8.8,"( 8.7,  9.0)",9,"( 8.9,  9.2)"
GA,Johns Creek,9.1,"( 9.0,  9.1)",9,"( 8.9,  9.1)"
NJ,Passaic,6.9,"( 6.8,  7.0)",6.8,"( 6.7,  6.9)"
FL,Miami Beach,9.5,"( 9.3,  9.7)",9.5,"( 9.3,  9.7)"
IA,Des Moines,7.3,"( 7.2,  7.4)",7.4,"( 7.3,  7.5)"
NC,Durham,8.6,"( 8.5,  8.7)",8.5,"( 8.5,  8.6)"
NV,Las Vegas,8.8,"( 8.7,  8.9)",8.8,"( 8.7,  8.9)"
IL,Bloomington,9.3,"( 9.3,  9.3)",9.3,"( 9.2,  9.3)"
MA,New Bedford,9.3,"( 9.2,  9.4)",9.3,"( 9.1,  9.4)"
LA,Lake Charles,14.6,"(14.4, 14.7)",14.6,"(14.5, 14.8)"
MA,Worcester,9.2,"( 9.1,  9.4)",9.2,"( 9.1,  9.4)"
ID,Nampa,12.2,"(12.1, 12.3)",12.1,"(12.0, 12.2)"
GA,Albany,9.8,"( 9.5, 10.0)",9.7,"( 9.5,  9.9)"
NM,Albuquerque,11.7,"(11.5, 12.0)",11.6,"(11.4, 11.8)"
IL,Rockford,9.8,"( 9.8,  9.9)",9.8,"( 9.7,  9.8)"
MI,Rochester Hills,10.9,"(10.8, 11.0)",11,"(10.9, 11.1)"
NC,Asheville,9,"( 8.9,  9.2)",9.1,"( 8.9,  9.2)"
MT,Missoula,8.3,"( 8.2,  8.4)",8.4,"( 8.3,  8.5)"
FL,Tallahassee,9.5,"( 9.3,  9.7)",9.3,"( 9.2,  9.5)"
FL,Lauderhill,10.1,"( 9.9, 10.2)",9.4,"( 9.3,  9.5)"
IA,Waterloo,10.9,"(10.6, 11.1)",10.9,"(10.6, 11.1)"
MI,Westland,8.9,"( 8.8,  9.1)",9,"( 8.9,  9.1)"
IL,Waukegan,10.7,"(10.6, 10.9)",10.8,"(10.6, 10.9)"
KY,Lexington,10.3,"(10.2, 10.5)",10.3,"(10.1, 10.4)"
NJ,Elizabeth,11.2,"(11.1, 11.3)",11.1,"(11.0, 11.2)"
GA,Warner Robins,9,"( 8.8,  9.1)",8.9,"( 8.8,  9.0)"
NY,Schenectady,9.7,"( 9.6,  9.9)",9.6,"( 9.5,  9.8)"
NV,Sparks,11.5,"(11.4, 11.7)",11.5,"(11.3, 11.6)"
GA,Columbus,9.3,"( 9.2,  9.4)",9.3,"( 9.1,  9.4)"
IL,Joliet,9.9,"( 9.8, 10.0)",9.8,"( 9.7,  9.9)"
FL,Pompano Beach,9.8,"( 9.7,  9.9)",9.8,"( 9.7,  9.9)"
MI,Detroit,9.2,"( 9.1,  9.4)",9.4,"( 9.3,  9.6)"
FL,Hollywood,13.9,"(13.9, 14.0)",13.9,"(13.8, 13.9)"
MN,Rochester,8.4,"( 8.3,  8.5)",8.5,"( 8.4,  8.5)"
MO,St. Louis,7.9,"( 7.8,  8.0)",7.9,"( 7.8,  8.0)"
KS,Overland Park,11.2,"(11.1, 11.3)",11.2,"(11.1, 11.2)"
MA,Cambridge,7.7,"( 7.6,  7.7)",7.7,"( 7.6,  7.7)"
MO,Independence,11,"(10.8, 11.1)",10.9,"(10.8, 11.0)"
IL,Cicero,10.1,"( 9.9, 10.2)",10.1,"(10.0, 10.2)"
FL,Palm Bay,9.4,"( 9.2,  9.6)",9.4,"( 9.2,  9.6)"
NY,Buffalo,9.3,"( 9.1,  9.4)",9.3,"( 9.2,  9.5)"
IN,Muncie,12,"(11.9, 12.1)",11.9,"(11.9, 12.0)"
IN,Fishers,12.1,"(11.9, 12.4)",11.8,"(11.6, 12.0)"
ME,Portland,8.7,"( 8.5,  8.9)",8.6,"( 8.4,  8.7)"
MI,Kalamazoo,10.8,"(10.7, 11.0)",10.8,"(10.7, 11.0)"
MN,Brooklyn Park,12,"(11.8, 12.3)",11.7,"(11.5, 11.9)"
KY,Louisville,9.4,"( 9.3,  9.5)",9.3,"( 9.1,  9.4)"
MA,Newton,11.7,"(11.6, 11.7)",11.7,"(11.6, 11.7)"
TX,Dallas,10.2,"(10.1, 10.4)",10.2,"(10.1, 10.4)"
WA,Yakima,9.1,"( 9.1,  9.2)",9.1,"( 9.1,  9.2)"
TX,Tyler,11.1,"(10.9, 11.3)",11.1,"(11.0, 11.3)"
TX,Midland,9.3,"( 9.2,  9.5)",9.4,"( 9.2,  9.5)"
VA,Chesapeake,8.2,"( 8.1,  8.3)",8.1,"( 8.0,  8.3)"
NC,Jacksonville,9.2,"( 9.1,  9.3)",9.2,"( 9.1,  9.2)"
VA,Portsmouth,8.2,"( 8.0,  8.4)",8.4,"( 8.3,  8.6)"
OH,Akron,10.6,"(10.5, 10.8)",10.6,"(10.5, 10.8)"
TN,Nashville,11.6,"(11.5, 11.7)",11.6,"(11.5, 11.7)"
WI,Kenosha,9.6,"( 9.6,  9.7)",9.6,"( 9.5,  9.6)"
RI,Providence,10,"( 9.8, 10.1)",9.9,"( 9.8, 10.1)"
OK,Tulsa,12.4,"(12.3, 12.5)",12.2,"(12.1, 12.4)"
PA,Pittsburgh,10,"(10.0, 10.1)",10,"(10.0, 10.1)"
OR,Beaverton,10.6,"(10.6, 10.7)",10.6,"(10.5, 10.6)"
TN,Clarksville,8.9,"( 8.7,  9.0)",8.8,"( 8.7,  9.0)"
OH,Columbus,9.5,"( 9.4,  9.6)",9.4,"( 9.3,  9.5)"
UT,Sandy,10.9,"(10.8, 10.9)",10.8,"(10.7, 10.8)"
WA,Auburn,8.8,"( 8.7,  9.0)",8.7,"( 8.6,  8.9)"
OK,Edmond,10.5,"(10.3, 10.6)",10.4,"(10.3, 10.6)"
SC,Mount Pleasant,9.1,"( 9.0,  9.2)",9,"( 8.9,  9.1)"
TX,Pearland,7.3,"( 7.1,  7.5)",7.3,"( 7.1,  7.5)"
TX,Abilene,7.5,"( 7.4,  7.6)",7.5,"( 7.3,  7.6)"
TX,Irving,9,"( 8.9,  9.1)",8.9,"( 8.8,  9.0)"
OR,Hillsboro,8.2,"( 8.2,  8.3)",8.3,"( 8.2,  8.3)"
UT,Orem,9,"( 8.8,  9.1)",8.9,"( 8.8,  9.1)"
VA,Richmond,9.1,"( 8.9,  9.2)",8.9,"( 8.8,  9.1)"
TX,Lubbock,10.7,"(10.6, 10.8)",10.6,"(10.5, 10.7)"
WY,Cheyenne,8.7,"( 8.6,  8.8)",8.5,"( 8.5,  8.6)"
TX,Austin,9.5,"( 9.3,  9.6)",9.5,"( 9.3,  9.6)"
WA,Renton,7.8,"( 7.7,  7.8)",7.7,"( 7.6,  7.7)"
TX,Mission,9.5,"( 9.4,  9.6)",9.4,"( 9.3,  9.5)"
WA,Seattle,7.8,"( 7.7,  8.0)",7.8,"( 7.7,  8.0)"
VA,Hampton,9.2,"( 9.2,  9.3)",9.2,"( 9.1,  9.2)"
TX,Frisco,10.2,"(10.1, 10.3)",10.1,"(10.0, 10.2)"
NC,Raleigh,7.3,"( 7.2,  7.4)",7.3,"( 7.2,  7.4)"
TX,Arlington,8.3,"( 8.2,  8.3)",8.1,"( 8.1,  8.2)"
VA,Lynchburg,9,"( 8.9,  9.1)",8.9,"( 8.8,  9.0)"
TX,McAllen,10.3,"(10.1, 10.5)",10.1,"(10.0, 10.3)"
TX,Waco,7.8,"( 7.6,  7.9)",7.8,"( 7.6,  7.9)"
OR,Gresham,9.8,"( 9.7, 10.0)",9.7,"( 9.6,  9.8)"
PA,Reading,10.3,"(10.2, 10.4)",10.2,"(10.1, 10.4)"
TX,Denton,11.6,"(11.5, 11.7)",11.5,"(11.4, 11.7)"
OK,Lawton,8.9,"( 8.8,  9.1)",8.5,"( 8.4,  8.7)"
WA,Vancouver,10.4,"(10.3, 10.5)",10.3,"(10.2, 10.5)"
PA,Allentown,10.7,"(10.6, 10.8)",10.7,"(10.6, 10.8)"
TX,Pasadena,11,"(10.8, 11.1)",10.9,"(10.8, 11.1)"
TX,Bryan,8.2,"( 8.1,  8.4)",8.2,"( 8.1,  8.3)"
TX,Round Rock,9.2,"( 9.0,  9.4)",9.1,"( 9.0,  9.3)"
ND,Fargo,8.2,"( 8.1,  8.3)",8.1,"( 8.0,  8.3)"
TN,Knoxville,8.5,"( 8.4,  8.6)",8.3,"( 8.2,  8.5)"
WI,Green Bay,10,"( 9.9, 10.2)",10,"( 9.8, 10.1)"
UT,Salt Lake City,10.1,"(10.0, 10.3)",10.1,"(10.0, 10.2)"
VA,Virginia Beach,9.4,"( 9.3,  9.5)",9.3,"( 9.2,  9.4)"
TX,Houston,8.7,"( 8.6,  8.7)",8.6,"( 8.6,  8.7)"
TX,Richardson,8.5,"( 8.5,  8.6)",8.5,"( 8.5,  8.5)"
OH,Cleveland,7.5,"( 7.4,  7.6)",7.5,"( 7.4,  7.6)"
WA,Federal Way,13.2,"(13.1, 13.3)",13.1,"(13.1, 13.2)"
RI,Pawtucket,10.1,"( 9.9, 10.2)",10,"( 9.9, 10.1)"
WA,Spokane,12.7,"(12.5, 12.8)",12.7,"(12.5, 12.8)"
TX,Fort Worth,10.6,"(10.5, 10.7)",10.6,"(10.5, 10.7)"
WA,Everett,9.3,"( 9.2,  9.3)",9.2,"( 9.2,  9.3)"
UT,Ogden,10.4,"(10.3, 10.5)",10.3,"(10.2, 10.5)"
NC,Greensboro,10.2,"(10.1, 10.4)",10.1,"(10.0, 10.3)"
OR,Salem,9,"( 8.9,  9.1)",8.9,"( 8.8,  9.0)"
PA,Bethlehem,9.7,"( 9.5,  9.8)",9.6,"( 9.5,  9.7)"
SC,Columbia,10.1,"(10.0, 10.3)",10.2,"(10.0, 10.3)"
TX,Brownsville,9.2,"( 9.1,  9.3)",9.1,"( 9.0,  9.2)"
OH,Toledo,8.4,"( 8.3,  8.6)",8.4,"( 8.3,  8.5)"
OK,Norman,11.6,"(11.5, 11.6)",11.5,"(11.4, 11.6)"
SC,Charleston,10,"( 9.8, 10.1)",9.7,"( 9.5,  9.8)"
TX,Amarillo,8.5,"( 8.4,  8.6)",8.4,"( 8.3,  8.5)"
VA,Newport News,8.7,"( 8.6,  8.8)",8.7,"( 8.6,  8.8)"
OR,Eugene,9.8,"( 9.7,  9.9)",9.7,"( 9.7,  9.8)"
TX,Edinburg,9.7,"( 9.6,  9.9)",9.6,"( 9.5,  9.7)"
OH,Cincinnati,7.7,"( 7.5,  8.0)",7.7,"( 7.5,  7.9)"
TN,Memphis,11.5,"(11.4, 11.6)",11.4,"(11.3, 11.5)"
WI,Milwaukee,10.9,"(10.9, 11.0)",10.9,"(10.8, 10.9)"
SD,Rapid City,12,"(11.9, 12.1)",11.9,"(11.9, 12.0)"
TX,McKinney,8.7,"( 8.6,  8.8)",8.7,"( 8.6,  8.9)"
VT,Burlington,7.9,"( 7.8,  8.0)",7.8,"( 7.8,  8.0)"
TX,League City,11.4,"(11.0, 11.8)",10.9,"(10.7, 11.2)"
TX,Grand Prairie,7.5,"( 7.3,  7.6)",7.4,"( 7.2,  7.5)"
NC,Wilmington,8.6,"( 8.6,  8.7)",8.6,"( 8.5,  8.6)"
PA,Scranton,8.8,"( 8.7,  9.0)",8.7,"( 8.6,  8.8)"
TX,San Angelo,10.8,"(10.6, 11.0)",10.8,"(10.6, 11.0)"
TX,Wichita Falls,8.5,"( 8.4,  8.7)",8.5,"( 8.4,  8.6)"
WI,Appleton,9.1,"( 8.9,  9.2)",9.1,"( 8.9,  9.2)"
TX,Odessa,9.3,"( 9.1,  9.4)",9.2,"( 9.1,  9.4)"
TX,Carrollton,8.5,"( 8.4,  8.7)",8.5,"( 8.4,  8.6)"
UT,St. George,7.9,"( 7.8,  8.0)",7.8,"( 7.7,  7.8)"
WA,Kennewick,9.2,"( 9.0,  9.4)",9.3,"( 9.1,  9.5)"
WA,Spokane Valley,10.6,"(10.4, 10.8)",10.6,"(10.4, 10.8)"
NC,Greenville,10.2,"(10.1, 10.3)",10.2,"(10.1, 10.4)"
TX,Laredo,9.6,"( 9.4,  9.8)",9.3,"( 9.2,  9.4)"
PA,Erie,8.2,"( 8.1,  8.3)",8.2,"( 8.0,  8.3)"
UT,West Valley City,11.3,"(11.2, 11.5)",11.3,"(11.2, 11.4)"
VA,Suffolk,9.9,"( 9.8, 10.0)",9.8,"( 9.7,  9.9)"
WI,Racine,9.7,"( 9.5,  9.8)",9.6,"( 9.5,  9.8)"
SC,Rock Hill,10.8,"(10.6, 10.9)",10.7,"(10.6, 10.9)"
TX,Beaumont,9.6,"( 9.4,  9.8)",9.4,"( 9.3,  9.6)"
OH,Youngstown,9.8,"( 9.7,  9.9)",9.7,"( 9.6,  9.8)"
TX,Plano,12.1,"(12.0, 12.3)",12.2,"(12.1, 12.4)"
SD,Sioux Falls,7.4,"( 7.3,  7.4)",7.3,"( 7.2,  7.4)"
TX,College Station,8.6,"( 8.5,  8.7)",8.5,"( 8.4,  8.7)"
OH,Parma,8.8,"( 8.6,  9.0)",8.1,"( 8.0,  8.2)"
WA,Bellingham,10.1,"( 9.9, 10.2)",10.2,"(10.1, 10.4)"
OR,Portland,10.8,"(10.6, 11.0)",10.5,"(10.3, 10.7)"
OH,Canton,9.6,"( 9.5,  9.6)",9.6,"( 9.5,  9.6)"
TX,El Paso,11.8,"(11.6, 11.9)",11.8,"(11.6, 11.9)"
WI,Madison,8,"( 7.9,  8.0)",7.9,"( 7.9,  8.0)"
RI,Warwick,9.7,"( 9.5,  9.8)",9.4,"( 9.3,  9.4)"
TX,San Antonio,10.3,"(10.2, 10.5)",10.4,"(10.2, 10.6)"
TX,Mesquite,8.3,"( 8.3,  8.3)",8.2,"( 8.2,  8.3)"
UT,Layton,9,"( 8.9,  9.2)",9,"( 8.9,  9.1)"
RI,Cranston,9.1,"( 9.0,  9.3)",9,"( 8.9,  9.2)"
OR,Bend,10.9,"(10.7, 11.0)",10.9,"(10.8, 11.1)"
TN,Murfreesboro,9,"( 8.8,  9.2)",9,"( 8.8,  9.2)"
VA,Alexandria,9.3,"( 9.2,  9.5)",9.1,"( 9.0,  9.2)"
WV,Charleston,8.3,"( 8.2,  8.4)",8.3,"( 8.2,  8.4)"
OK,Oklahoma City,10.2,"(10.1, 10.4)",10.3,"(10.2, 10.5)"
NC,Winston-Salem,10.1,"(10.1, 10.2)",10.1,"(10.0, 10.1)"
TX,Garland,9.1,"( 9.0,  9.2)",9.1,"( 9.0,  9.2)"
VA,Norfolk,8.7,"( 8.6,  8.8)",8.6,"( 8.5,  8.7)"
TX,Allen,9.7,"( 9.6,  9.8)",9.6,"( 9.5,  9.7)"
TX,Lewisville,7.5,"( 7.3,  7.6)",7.4,"( 7.3,  7.5)"
PA,Philadelphia,8.1,"( 8.0,  8.2)",8.1,"( 8.0,  8.2)"
WI,Waukesha,11.5,"(11.4, 11.5)",11.5,"(11.4, 11.5)"
OR,Medford,9.3,"( 9.2,  9.5)",9.3,"( 9.2,  9.4)"
TN,Chattanooga,9.8,"( 9.6, 10.0)",9.9,"( 9.7, 10.1)"
OK,Broken Arrow,9.9,"( 9.8, 10.0)",9.9,"( 9.8, 10.0)"
UT,Provo,9.1,"( 9.0,  9.2)",9,"( 8.9,  9.1)"
NC,High Point,10.3,"(10.0, 10.5)",9.3,"( 9.2,  9.4)"
WA,Bellevue,9.1,"( 9.0,  9.2)",9.1,"( 9.0,  9.2)"
WA,Tacoma,8,"( 8.0,  8.1)",8.1,"( 8.0,  8.1)"
TX,Killeen,10.9,"(10.8, 11.0)",10.9,"(10.8, 11.0)"
TX,Pharr,9.1,"( 9.0,  9.2)",8.9,"( 8.9,  9.0)"
WA,Kent,8.5,"( 8.2,  8.8)",8.5,"( 8.2,  8.8)"
SC,North Charleston,10.4,"(10.2, 10.5)",10.3,"(10.2, 10.4)"
OH,Dayton,9.8,"( 9.7, 10.0)",9.7,"( 9.6,  9.9)"
TX,Corpus Christi,12.8,"(12.6, 12.9)",12.7,"(12.5, 12.8)"
TX,Baytown,8.2,"( 8.2,  8.3)",8.2,"( 8.1,  8.2)"
TX,Missouri City,8.8,"( 8.7,  8.9)",8.8,"( 8.7,  8.9)"
UT,West Jordan,8.1,"( 8.0,  8.3)",8,"( 7.9,  8.1)"
VA,Roanoke,9.2,"( 9.0,  9.3)",9,"( 8.9,  9.2)"
TX,Longview,10,"( 9.9, 10.2)",10.1,"(10.0, 10.2)"
TX,Sugar Land,9.4,"( 9.3,  9.6)",9.4,"( 9.3,  9.6)"
,,6.7,"( 6.6,  6.8)",6.6,"( 6.5,  6.8)"